order,name,address
or10000,Cheney Rivière,10 D STREET SEASIDE PARK NJ 08752
or10001,Oldřich Martinek,351 Cantitoe St Bedford Hills NY 10507
or10002,Leon Sandström,61 TOPSAIL RD BRICK NJ 08723
or10003,Mohamed Hermansson,25 MILL CREEK ROAD SPARTA NJ 07871
or10004,Calvin Minor,76 BRIDGE AVE BAY HEAD NJ 08742
or10005,Lars Samuelsson,"24 Nelson Ave, Harrison, NY 10528, USA"
or10006,Iyo Tenno,14 CLOVE AVE SUSSEX NJ 07461
or10007,Sigge Petersson,190 OBERLIN AVE N LAKEWOOD NJ 08701-4266
or10008,Jakub M Křivánek,58 GRAND AVENUE WALDWICK NJ 07463
or10009,Seika Fujita,14 FOREMOST MOUNTAIN ROAD TOWACO NJ 07082
or10010,Marek Kubeček,764 SCOTLAND APT30 SOUTH ORANGE NJ 07079
or10011,Alice Walton,72 SMULL AVENUE CALDWELL NJ 07006
or10012,Simona Nyman,"190 Oberlin Ave N, Lakewood, NJ 08701, USA"
or10013,Romana Dočekalová,14 FOREMOST MOUNTAIN ROAD TOWACO NJ 07082
or10014,Yoshisato Oota,47 Evergreen Ave Newark NJ 07114
or10015,Dai Hu,285 EAST LAKE AVE RAHWAY NJ 07065
or10016,Lola Rhodes,"27 Welwyn Rd , Riverside , CT 06878"
or10017,Qiao Pan,"140 Ahnert Ave, North Haledon, NJ 07508, USA"
or10018,Édouard CinqMars,93 EAST SHORE LAKE OWASSA RD NEWTON NJ 07860
or10019,Vilda Ek,"268 Forest Ave, Lyndhurst, NJ 07071, USA"
or10020,Štěpán Šuba,491 BLOOMFIELD AVE MONTCLAIR NJ 07042
or10021,Sabelia Chávez,"12 Pheasant Brook Ct, Bedminster, NJ 07921, USA"
or10022,Tia Morgan Chase,356 MEADOWBROOK LANE SOUTH ORANGE NJ 07079
or10023,Song Hsiung,23 MORGANTINE RD ROSELAND NJ 07068
or10024,Mrs Ellie Louise Clark,330 HOBART AVE SHORT HILLS NJ 07078
or10025,Roquelina Meléndez,"814 Ensign Dr, Forked River, NJ 08731, USA"
or10026,Heita Oka,"3 Whitestone Terrace, Sparta, NJ 07871, USA"
or10027,Rina Fukasawa,21 MAPLEWOOD AVE BOGOTA NJ 07603
or10028,Fukuyo Asai,79 SURF WAY LAVALLETTE NJ 08735
or10029,Gaetane Dodier,"190 Oberlin Ave N, Lakewood, NJ 08701, USA"
or10030,Zachary Campbell,130 LINDEN DRIVE BASKING RIDGE NJ 07920
or10031,Dimpna Pulido,145 HUNTS POND RD NEWTON NJ 07860
or10032,Kazutaka Fukazawa,"406 Wyckoff Mills Rd, East Windsor, NJ 08520, USA"
or10033,Elise Kirby,6 CHERRY HILL ROAD LIVINGSTON NJ 07039
or10034,Li Qin Feng,"190 Oberlin Ave N, Lakewood, NJ 08701, USA"
or10035,Shi Hsueh,70 HUDSON ST SUITE 7 HOBOKEN NJ 07030
or10036,Emelia Henriksson,"181 Dorchak Dr, Roseland, NJ 07068"
or10037,Kai Wilkinson,"190 Oberlin Ave N, Lakewood, NJ 08701, USA"
or10038,Zhen Juan Chia,480 VALLEY RD APTB17 UPPER MONTCLAIR NJ 07043
or10039,Minehiro Nakahara,"4 ARDEN PLACE, Hillsdale, NJ 07642, USA"
or10040,Mr. Takateru Miyashita,"43 Cambridge Dr, Berkeley Heights, NJ 07922, USA"
or10041,Jasmine Kent,"1 Nixon Ln, Edison, NJ 08837, USA"
or10042,Cerys Quinn,15 DEARFIELD LANE GREENWICH CT 06831
or10043,Laurie Fritz,"43 Dale Dr, Chatham Township, NJ 07928, USA"
or10044,Lucie Jandová,"800 Harbor Blvd, Weehawken, NJ 07086, USA"
or10045,Jerzy Novosad,25 RIVERSIDE DR PINE BROOK NJ 07058
or10046,Lars Hans Sandström,"94 Haddon Pl, Montclair, NJ 07043, USA"
or10047,Petr Navrátil,57 UNION ST MONTCLAIR NJ 07042
or10048,Helen Rencher,"179 Dey Grove Rd, Monroe Township, NJ 08831, USA"
or10049,Luke Wilkinson,46 LOMBARD DRIVE W CALDWELL NJ 07006
or10050,Noelle Chevrette,19 WESTERN DRIVE SHORT HILLS NJ 07078
or10051,Manchu Ko,19 WESTERN DRIVE SHORT HILLS NJ 07078
or10052,Eliška Podlešáková,"1 Wayside Ln, Scarsdale, NY 10583, USA"
or10053,Čestmír Hořínek,9 PHILIDELPHIA BLVD SEA GIRT NJ 08750
or10054,Lykke Van Olsson,351 Cantitoe St Bedford Hills NY 10507
or10055,Merve Lindgren,258 FORESTER WAY PARK RIDGE NJ 07656
or10056,Tracy Pilgrim,"190 Oberlin Ave N, Lakewood, NJ 08701, USA"
or10057,Ms Eleanor Jones,25 MILL CREEK ROAD SPARTA NJ 07871
or10058,Olegario Aranda,"843 Mountain Ave, New Providence, NJ 07974, USA"
or10059,Yusuf Mårtensson,58 BERKSHIRE APT455-1 HACKENSACK NJ 07601
or10060,Věra Říhová,"190 Oberlin Ave N, Lakewood, NJ 08701, USA"
or10061,Marta Kupková,186 VERONA AVENUE NEWARK NJ 07104
or10062,Peng Hsieh,70 ForestHill Way Cedar Grove NJ 07009
or10063,Anita Bray,58 OLD BOONTON RD DENVILLE NJ 07834
or10064,Christina Young,146 CENTRAL AVENUE HASBROUCK HEIGHTS NJ 07604
or10065,Mitsuki Kurota,18 BUCKINGHAM RD CRESSKILL NJ 07626
or10066,Darwin Jimínez,11 DANTLEY DRIVE HOWELL NJ 07731
or10067,Anna Svobodová,46 LOMBARD DRIVE W CALDWELL NJ 07006
or10068,Gabrielle Bérard,90 ELM STREET TENAFLY NJ 07670
or10069,Hoshika Amano,342 Blauvelt RD #301 Monsey NY 10952
or10070,Pavla Poláková,49 HILLTOP RD SHORT HILLS NJ 07078
or10071,Kang Hsüeh,52 QUINTREE LANE MELVILLE NY 11747
or10072,Jason Jönsson,2-4 ROUTE 9W W HAVERSTRAW NY 10993
or10073,Dr. Spencer Herbert,"29 Gorga Pl, Township of Washington, NJ 07676, USA"
or10074,Reika Kochi,27 Cobblewood Rd Blairstown NJ 07825
or10075,Gianfranco Cortez,"85 Bellevue Terrace, Bloomfield, NJ 07003, USA"
or10076,Misora Sumita,11 NORMANDY PARKWAY MORRISTOWN NJ 07960
or10077,Kazuki Terada,164 UNION AVENUE NEW ROCHELLE NY 10801
or10078,Texas Jakobsson,"93 1st Avenue, New York, NY 10009, USA"
or10079,Anquises Marín,2-4 ROUTE 9W W HAVERSTRAW NY 10993
or10080,Honorina Heredia,"9221 5th Ave, Brooklyn, NY 11209, USA"
or10081,Ju Tai,62 GRANT AVE NUTLEY NJ 07110
or10082,Tammie Gonzales,"200 E 90th St, New York, NY 10128, USA"
or10083,Sonya Cain,192 CHRISTOPHER COLUMBUS DR JERSEY CITY NJ 07302
or10084,Jesse Kimura,"3556 Broadway, 2nd Fl New York NY 10031"
or10085,Louise Caouette,259 WILLSON DRIVE CRESSKILL NJ 07626
or10086,Milan Odstrčilík,13 MARSHALL ST W CALDWELL NJ 07006
or10087,Laodamia Roldán,"24 Farview Ave, Cedar Knolls, NJ 07927, USA"
or10088,Sean Lawrence,763 GREEN POND RD ROCKAWAY NJ 07866
or10089,Byron Dubé,24 BRETON DRIVE PINE BROOK NJ 07058
or10090,Bastian Wallin,32 WESTBURY DR SPARTA NJ 07871
or10091,Zoe Bishop,37 EXCHANGE PLACE W HAMPTON BEACH NY 11978
or10092,Declan Davies,35 LEXINGTON DR LIVINGSTON NJ 07039
or10093,Marilu Carmona,50 MEADOWLANDS PARKWAY SECAUCUS NJ 07094-0000
or10094,Andrew Hanson,1 UNDERWOOD DRIVE E HAMPTON NY 11937
or10095,Maximillia Svensson,"812 Grand St, Hoboken, NJ 07030, USA"
or10096,Kii Kamei,"320 W 19th St, New York, NY 10011, USA"
or10097,Oliver Björklund,145-19 NEWPORT AVE NEPONSIT NY 11694
or10098,Kevin Edwards,"585 Main St, Chatham, NJ 07928, USA"
or10099,Sylvie K Dodier,"8 E 2nd St, New Providence, NJ 07974, USA"
or10100,Jose Paul,"1001 Unicorn Way, Clifton, NJ 07011, USA"
or10101,Dina Castro,10 GLEN AVE BASKING RIDGE NJ 07920
or10102,Tyler Myers,164 UNION AVENUE NEW ROCHELLE NY 10801
or10103,Miroslav Semerád,"50 Dey St, Jersey City, NJ 07306, USA"
or10104,Sayami Shimizu,"406 Wyckoff Mills Rd, East Windsor, NJ 08520, USA"
or10105,Telma Arvidsson,43 FOXBORO RD WAYNE NJ 07470
or10106,Koreya Meshizuka,"2373 Ocean Pkwy, Brooklyn, NY 11223, USA"
or10107,Mulan Chiang,"18 Badeau Ave, Summit, NJ 07901, USA"
or10108,Miluše Antošová,11 STACY CT WAYNE NJ 07470
or10109,Louie Conway,"316 14th St, Union City, NJ 07087, USA"
or10110,Nijino Moteki,"515 E 72nd St, New York, NY 10021, USA"
or10111,Erena Mutou,"121 Edwards Ave, Calverton, NY 11933, USA"
or10112,Ms. Lara Davies,"70 Canterbury Rd, Chatham Township, NJ 07928, USA"
or10113,Chiho Sugano,20 HOLMEHILL LANE ROSELAND NJ 07068
or10114,Hong Tao,"52 East End Ave, New York, NY 10028, USA"
or10115,Fai Chung,251 MAIN STREET E RUTHERFORD NJ 07073
or10116,Aimee Carpenter,"164 Union Ave, New Rochelle, NY 10801, USA"
or10117,Naomi Yates,12 S ATLANTIC APT91 ABERDEEN NJ 07747
or10118,Dollie Hayes,52 QUINTREE LANE MELVILLE NY 11747
or10119,Ganelon Perillard,"24 Ruth Davis Dr, Morris Plains, NJ 07950, USA"
or10120,Tomas Söderberg,10 FIELD ROAD MAPLEWOOD NJ 07040
or10121,Kanae Kamimura,258 FORESTER WAY PARK RIDGE NJ 07656
or10122,Terese Berggren,"132 Chestnut Dr, Wayne, NJ 07470, USA"
or10123,Jésica Barragán,1950 ROUTE 46 LEDGEWOOD NJ 
or10124,Kikuko Numata,"11 Tiffin Pl, Bridgewater Township, NJ 08807, USA"
or10125,Felizia Johansson,3311 Newkirk Ave 3A Brooklyn NY 11203
or10126,Robert K Alvarez,52 QUINTREE LANE MELVILLE NY 11747
or10127,Dexter Åström,18 WOODLAND AVENUE MORRISTOWN NJ 07960
or10128,Royale Avare,29 OCEAN AVE QUOGUE NY 11959
or10129,Park T'ang,121 LONGWOOD AVE CHATHAM NJ 07928
or10130,Yasuhiro Yamauchi,4 Cooper Lane Quogue NY 11959
or10131,Errolán Urbina,"201 Vanderveer Ave, Somerville, NJ 08876, USA"
or10132,Amadeus Magnusson,1 EBERHARDT CT MONTVILLE NJ 07045
or10133,Dr. Ernestina Hernandes,"866 Eastern Pkwy, Brooklyn, NY 11213, USA"
or10134,Vlasta Sedláčková,9D BROCK LN HACKETTSTOWN NJ 07840
or10135,Thindra Magnusson,"220 Meadow Ln, Secaucus, NJ 07094, USA"
or10136,Bartlett de Launay,35 BEACHMONT TERRACE N CALDWELL NJ 07006
or10137,Kii Fujino,22 FAIRFAX TERRACE CHATHAM NJ 07928
or10138,Aimee Nolan,40 HILLSIDE AVE CALDWELL NJ 07006
or10139,Daniel Měchura,"551 Middlesex Ave, Metuchen, NJ 08840, USA"
or10140,Věra Loukotová,112 WESTVILLE AVE CALDWELL NJ 07006
or10141,Koukai Hirakawa,12 JUNE LANE MONTVALE NJ 07645
or10142,Jana Svobodová,57 UNION ST MONTCLAIR NJ 07042
or10143,Adriana Holmberg,"671 Broadway, Westwood, NJ 07675, USA"
or10144,Melina Nyberg,17 SOUTH BEECHCROFT RD SHORT HILLS NJ 07078
or10145,Dana Čiháková,"14 Troy Hills Rd, Whippany, NJ 07981, USA"
or10146,Philip Panetier,"13 Wetmore Dr, Denville, NJ 07834, USA"
or10147,Abigail Weston,32 WELSH LANE NEW VERNON NJ 07976
or10148,Kai Stewart,3 DEVON ROAD SUMMIT NJ 07901
or10149,Akihide Ikegami,"499 Commerce Dr, Burlington, NJ 08016, USA"
or10150,Yasuhiko Ooki,156 MOUNTAIN AVENUE SUMMIT NJ 07901
or10151,Taimei Ideguchi,"78 Harmer Terrace, Wayne, NJ 07470, USA"
or10152,Shing Lü,"15 Laird Rd, Middletown, NJ 07748, USA"
or10153,Seijun Konishi,4201 PINE STREET PHILADELPHIA PA 19104
or10154,Brian Dawson,20 HOLMEHILL LANE ROSELAND NJ 07068
or10155,René Pinneau,"717 NJ-35, Middletown, NJ 07748, USA"
or10156,Sachi Kohara,14 HILLSIDE AVE MADISON NJ 07940
or10157,Kong Liao,"188 Voss Ave, Yonkers, NY 10703, USA"
or10158,Li Hua Chou,14 NORTHGATE BLVD EASTON PA 18045
or10159,Michelle Nyman,4 Tulip Trail Port Murray NJ 07865
or10160,Jamie Reeves,9 NUNDA AVE JERSEY CITY NJ 07304
or10161,Melissa Walsh,221 CERUTTI COURT WEST ORANGE NJ 07052
or10162,Ruby Flynn,164 UNION AVENUE NEW ROCHELLE NY 10801
or10163,Abbie Gregory,23 LARSON TRAIL HOPATCONG NJ 07843
or10164,Casper Eriksson,1428 SOUTH AVE PLAINFIELD NJ 07062
or10165,Fatima Lundström,83 SMULL AVE W CALDWELL NJ 07006
or10166,Catherine Martinez,40 HILLSIDE AVE CALDWELL NJ 07006
or10167,Mr Moriaki Tsuji,70 GLENVIEW DRIVE WEST ORANGE NJ 07052
or10168,Joy Cyrus,12 PARK AVE BLOOMFIELD NJ 07003
or10169,Sayuki Nakajima,9 SOUTH ORCHARD TERRACE SPARTA NJ 07871
or10170,Tia Burgess,49 LAKESHORE DRIVE OAKLAND NJ 07436
or10171,Anna Kroftová,4000 GARDEN STATE PLAZA PARAMUS NJ 07652
or10172,Li Tsui,12 JUNE LANE MONTVALE NJ 07645
or10173,Ester Lundström,"179 Dey Grove Rd, Monroe Township, NJ 08831, USA"
or10174,Yul Hsueh,"40 Old Shunpike Rd, Randolph, NJ 07869, USA"
or10175,Dina Johnsson,"551 Middlesex Ave, Metuchen, NJ 08840, USA"
or10176,Ryuuhei Kamimura,"57 Catherine Ave, Saddle Brook NJ 07663"
or10177,Dreux Lemaître,"21 White Ave, Nyack, NY 10960, USA"
or10178,Alfons Holmgren,"171 Central Pkwy, Mt Vernon, NY 10552, USA"
or10179,Olympia Gervais,"49 Main Ave, Elmwood Park, NJ 07407, USA"
or10180,Yukihiko Nishino,"110 Newfield Ave, Edison, NJ 08837, USA"
or10181,Shizuko Taketou,9 REDWOOD ROAD DENVILLE NJ 07834
or10182,Kunihiro Ishikawa,164 UNION AVENUE NEW ROCHELLE NY 10801
or10183,Colette Boutot,"22 Millbrook Rd, New Vernon, NJ 07976, USA"
or10184,Kanako Chida,6 OATES TERRACE W CALDWELL NJ 07006
or10185,Raraka Hakui,136 SUNSET AVE VERONA NJ 07044
or10186,An Lü,164 UNION AVENUE NEW ROCHELLE NY 10801
or10187,Michael J Williams,"43 Ferris Dr, West Orange, NJ 07052, USA"
or10188,Bradley Reeves,170 IRVINGTON AVENUE SOUTH ORANGE NJ 07079
or10189,Harun Strömberg,444 WARREN STREET JERSEY CITY NJ 07302
or10190,Galeno Partida,430 GREENMOUNT AVE CLIFFSIDE PARK NJ 07010
or10191,Nathan Scott,156 MOUNTAIN AVENUE SUMMIT NJ 07901
or10192,Bradley Berry,40 CHANDLER ROAD CHATHAM NJ 07928
or10193,Jose Dittrich,17 KEILANA DRIVE WAYNE NJ 07470
or10194,Natali Björk,96 STURBRIDGE CIRCLE WAYNE NJ 07470
or10195,Michel Poulin,1 PAMRAPO APT 1C BAYONNE NJ 07002
or10196,Ming T'iena,419 CENTRAL AVE ORANGE NJ 07050
or10197,Tatsunori Kanazawa,49 LAKESHORE DRIVE OAKLAND NJ 07436
or10198,Matthew Harris,2-29 31ST ST FAIR LAWN NJ 07410
or10199,Cheryl Mcbroom,2 CEDAR ROAD WHITE HOUSE STATION NJ 08889